file,line_number,path,pattern_type,category
gen_architecture.py,177,"/opt/ai_data/scripts/current-system-mode.env",absolute,/opt/ai_data
lib/extract_llm/_core.py,159,"/opt/ai_data,",absolute,/opt/ai_data
lib/extract_llm/_core.py,194,"/opt/ai_data,",absolute,/opt/ai_data
lib/rate_limiter.py,18,"/opt/ai_data/flaresolverr/rate_limiter.db",absolute,/opt/ai_data
lib/rubric/utils.py,8,"/opt/ai_data/scripts/current-mode-inference.env",absolute,/opt/ai_data
lib/cli_helpers.py,129,"/opt/ai_data",absolute,/opt/ai_data
lib/tracking/phase_tracker.py,74,"/opt/ai_data/scripts/current-mode-inference.env",absolute,/opt/ai_data
lib/infra/preflight.py,51,"/opt/ai_data/scripts",absolute,/opt/ai_data
lib/infra/preflight.py,150,"/opt/ai_data/scripts/current-mode-inference.env",absolute,/opt/ai_data
lib/search/local_index.py,11,"/opt/ai_data/search/search.db",absolute,/opt/ai_data
lib/search/local_index.py,30,"/opt/ai_data/search",absolute,/opt/ai_data
lib/protection.py,11,"/opt/ai_data/scripts/.protect_{context}``",absolute,/opt/ai_data
lib/protection.py,25,"/opt/ai_data/scripts",absolute,/opt/ai_data
lib/pod_manager/container.py,32,"/opt/ai_data/models/gguf:/models:Z",absolute,/opt/ai_data
lib/pod_manager/container.py,34,"/opt/ai_data/scripts/inference-entrypoint.sh:/entrypoint.d/inference-entrypoint.sh:Z",absolute,/opt/ai_data
lib/pod_manager/container.py,36,"/opt/ai_data/scripts/current-mode-inference.env:/entrypoint.d/current-mode.env:Z",absolute,/opt/ai_data
lib/pod_manager/container.py,74,"/opt/ai_data/scripts/current-mode-inference.env",absolute,/opt/ai_data
lib/pod_manager/container.py,75,"/opt/ai_data/scripts/inference-entrypoint.sh",absolute,/opt/ai_data
lib/model_ctl.py,33,"/opt/ai_data/scripts/current-mode-inference.env",absolute,/opt/ai_data
lib/model_ctl.py,50,"/opt/ai_data/models/gguf:/models:Z",absolute,/opt/ai_data
lib/model_ctl.py,52,"/opt/ai_data/scripts/inference-entrypoint.sh:/entrypoint.d/inference-entrypoint.sh:Z",absolute,/opt/ai_data
lib/model_ctl.py,54,"/opt/ai_data/scripts/current-mode-inference.env:/entrypoint.d/current-mode.env:Z",absolute,/opt/ai_data
lib/debate/debate_data.py,9,"/opt/ai_data/debate/switch/model-switch.json",absolute,/opt/ai_data
lib/debate/debate_data.py,10,"/opt/ai_data/debate_sessions",absolute,/opt/ai_data
lib/watchdog/checker.py,248,"/opt/ai_data/models/gguf/{meta[",absolute,/opt/ai_data
lib/watchdog/config.py,22,"/opt/ai_data/scripts/current-system-mode.env",absolute,/opt/ai_data
lib/watchdog/config.py,23,"/opt/ai_data/scripts/current-mode-inference.env",absolute,/opt/ai_data
lib/watchdog/config.py,27,"/opt/ai_data/scripts/watchdog_state.json",absolute,/opt/ai_data
lib/hybrid/utils.py,13,"/opt/ai_data/scripts/current-mode-inference.env",absolute,/opt/ai_data
lib/file_registry.py,26,"/opt/ai_data/uploads",absolute,/opt/ai_data
collect_novel.py,21,"/opt/ai_data/flaresolverr/novels/하남자의_탑_공략법",absolute,/opt/ai_data
pipelines/worklog_generator.py,237,"/opt/ai_data/worklog_metrics.jsonl",absolute,/opt/ai_data
tests/rubric.py,34,"/opt/ai_data/scripts/current-mode-inference.env",absolute,/opt/ai_data
tests/test_pipeline_e2e.py,69,"/opt/ai_data/test_pipeline_10samples.json",absolute,/opt/ai_data
tests/test_gt_recovery.py,84,"/opt/ai_data/models/gguf:/models:Z",absolute,/opt/ai_data
tests/test_fact5_comparison.py,61,"/opt/ai_data/scripts/current-mode-inference.env",absolute,/opt/ai_data
tests/day_cycle_pipeline.py,211,"/opt/ai_data/day_cycle_test_report.json",absolute,/opt/ai_data
tests/day_model_test.py,22,"/opt/ai_data/models",absolute,/opt/ai_data
tests/day_model_test.py,84,"/opt/ai_data",absolute,/opt/ai_data
tests/day_model_test.py,144,"/opt/ai_data/scripts/current-mode-inference.env",absolute,/opt/ai_data
tests/day_model_test.py,305,"/opt/ai_data/scripts/current-mode-inference.env",absolute,/opt/ai_data
tests/day_model_test_direct.py,21,"/opt/ai_data/scripts/current-mode-inference.env",absolute,/opt/ai_data
tests/day_model_test_direct.py,51,"/opt/ai_data/models/gguf:/models:Z",absolute,/opt/ai_data
tests/day_model_test_direct.py,53,"/opt/ai_data/scripts/inference-entrypoint.sh:/entrypoint.d/inference-entrypoint.sh:Z",absolute,/opt/ai_data
tests/day_model_test_direct.py,55,"/opt/ai_data/scripts/lib/memory_guard.sh:/entrypoint.d/lib/memory_guard.sh:Z",absolute,/opt/ai_data
tests/day_model_test_direct.py,57,"/opt/ai_data/scripts/current-mode-inference.env:/entrypoint.d/current-mode.env:Z",absolute,/opt/ai_data
tests/day_verify_compare.py,185,"/opt/ai_data/scripts/current-mode-inference.env",absolute,/opt/ai_data
tests/day_verify_compare.py,209,"/opt/ai_data/scripts/current-mode-inference.env",absolute,/opt/ai_data
tests/day_verify_retry.py,90,"/opt/ai_data/scripts/current-mode-inference.env",absolute,/opt/ai_data
tests/day_verify_retry.py,114,"/opt/ai_data/scripts/current-mode-inference.env",absolute,/opt/ai_data
tests/embed_bench.py,11,"/opt/ai_data/embed_bench_report.json",absolute,/opt/ai_data
tests/embed_bench.py,28,"/opt/ai_data/embed_bench_pairs.json",absolute,/opt/ai_data
tests/embed_bench.py,29,"/opt/ai_data/embed_bench_report.json",absolute,/opt/ai_data
tests/embed_bench.py,30,"/opt/ai_data/models/gguf",absolute,/opt/ai_data
tests/embed_bench.py,31,"/opt/ai_data/models",absolute,/opt/ai_data
tests/eval_comparison.py,24,"/opt/ai_data/debate_sessions",absolute,/opt/ai_data
tests/extract_compare.py,19,"/opt/ai_data/models",absolute,/opt/ai_data
tests/model_comparison_test.py,45,"/opt/ai_data/models",absolute,/opt/ai_data
tests/model_comparison_test.py,269,"/opt/ai_data",absolute,/opt/ai_data
tests/model_comparison_test.py,284,"/opt/ai_data",absolute,/opt/ai_data
tests/model_comparison_test.py,288,"/opt/ai_data",absolute,/opt/ai_data
tests/model_comparison_test.py,291,"/opt/ai_data",absolute,/opt/ai_data
tests/model_comparison_test.py,410,"/opt/ai_data/scripts/current-mode-inference.env",absolute,/opt/ai_data
tests/neutral_improve.py,27,"/opt/ai_data/scripts/current-mode-inference.env",absolute,/opt/ai_data
tests/nli_compare.py,27,"/opt/ai_data/models",absolute,/opt/ai_data
tests/nli_compare_14b.py,32,"/opt/ai_data/scripts/current-mode-inference.env",absolute,/opt/ai_data
tests/pipeline_preverify_test.py,74,"/opt/ai_data/search/search.db?immutable=1",absolute,/opt/ai_data
tests/pipeline_verify_compare.py,654,"/opt/ai_data/scripts/current-mode-inference.env",absolute,/opt/ai_data
tests/prj_ground_truth_test.py,21,"/opt/ai_data/models",absolute,/opt/ai_data
tests/prj_ground_truth_test.py,99,"/opt/ai_data",absolute,/opt/ai_data
tests/prj_ground_truth_test.py,104,"/opt/ai_data",absolute,/opt/ai_data
tests/prj_ground_truth_test.py,179,"/opt/ai_data/scripts/current-mode-inference.env",absolute,/opt/ai_data
tests/prj_ground_truth_test.py,380,"/opt/ai_data/scripts/current-mode-inference.env",absolute,/opt/ai_data
tests/prj_ground_truth_test.py,402,"/opt/ai_data/models/gguf/{P_MODEL}",absolute,/opt/ai_data
tests/prj_ground_truth_test.py,412,"/opt/ai_data/models/gguf/{R_MODEL}",absolute,/opt/ai_data
tests/prj_ground_truth_test.py,422,"/opt/ai_data/models/gguf/{J_MODEL}",absolute,/opt/ai_data
tests/prj_model_test.py,188,"/opt/ai_data/scripts/current-mode-inference.env",absolute,/opt/ai_data
tests/prj_model_test.py,215,"/opt/ai_data/scripts/current-mode-inference.env",absolute,/opt/ai_data
tests/prj_model_test.py,291,"/opt/ai_data/models/gguf/{model_file}",absolute,/opt/ai_data
tests/test_night_prj_eval.py,84,"/opt/ai_data",absolute,/opt/ai_data
tests/test_night_prj_eval.py,86,"/opt/ai_data",absolute,/opt/ai_data
tests/test_night_prj_eval.py,188,"/opt/ai_data",absolute,/opt/ai_data
tests/test_night_prj_eval.py,193,"/opt/ai_data",absolute,/opt/ai_data
tests/test_night_prj_eval.py,255,"/opt/ai_data/scripts/current-mode-inference.env",absolute,/opt/ai_data
tests/test_night_prj_eval.py,343,"/opt/ai_data/scripts/current-mode-inference.env",absolute,/opt/ai_data
tests/test_night_prj_eval.py,362,"/opt/ai_data/scripts/current-mode-inference.env",absolute,/opt/ai_data
tests/test_night_prj_eval.py,688,"/opt/ai_data/scripts/current-mode-inference.env",absolute,/opt/ai_data
tests/test_r_role_dsv2.sh,8,"/opt/ai_data/scripts/current-mode-inference.env",absolute,/opt/ai_data
tests/test_r_role_dsv2.sh,49,"/opt/ai_data/models/gguf:/models:Z",absolute,/opt/ai_data
tests/test_phase2_3.py,120,"/opt/ai_data/models/gguf",absolute,/opt/ai_data
tests/test_v5_arbiter_fallback.py,92,"/opt/ai_data/scripts/current-mode-inference.env",absolute,/opt/ai_data
tests/test_v5_arbiter_fallback.py,96,"/opt/ai_data/scripts/current-mode-inference.env",absolute,/opt/ai_data
tests/test_arbiter_dual_7b9b.py,37,"/opt/ai_data/scripts/current-mode-inference.env",absolute,/opt/ai_data
pdf_reader_mcp.py,48,"/opt/ai_data",absolute,/opt/ai_data
pdf_reader_mcp.py,194,"/opt/ai_data/pdf",absolute,/opt/ai_data
pdf_reader_mcp.py,278,"/opt/ai_data/pdf)",absolute,/opt/ai_data
review_pipeline_3model.py,92,"/opt/ai_data/scripts/current-mode-inference.env",absolute,/opt/ai_data
osync_backup.py,34,"/opt/ai_data/backups",absolute,/opt/ai_data
notice/lib/bot_processor.py,105,"/opt/ai_data/scripts/current-mode-inference.env",absolute,/opt/ai_data
notice/lib/bot_processor.py,165,"/opt/ai_data/scripts/current-mode-inference.env",absolute,/opt/ai_data
osync_restore_test.py,6,"/opt/ai_data/backups/db/devforge_*.dump",absolute,/opt/ai_data
osync_restore_test.py,19,"/opt/ai_data/backups/db/devforge_*.dump",absolute,/opt/ai_data
osync_restore_test.py,20,"/opt/ai_data/backups/osync.log",absolute,/opt/ai_data
cli.py,571,"/opt/ai_data/scripts/current-mode-inference.env",absolute,/opt/ai_data
cli.py,572,"/opt/ai_data/scripts/current-system-mode.env",absolute,/opt/ai_data
cli.py,661,"/opt/ai_data/debate_sessions/{session.session_id}/final_report.md",absolute,/opt/ai_data
cli.py,756,"/opt/ai_data/debate_sessions/{session_id}/final_report.md",absolute,/opt/ai_data
cli.py,762,"/opt/ai_data/extractions/{session_id}/report.json",absolute,/opt/ai_data
day_cycle.sh,113,"/opt/ai_data/scripts/current-mode-inference.env",absolute,/opt/ai_data
droplr_upload.py,18,"/opt/projects/server/scripts/droplr_upload.py:18:sys.path.insert(0,",absolute,/opt/projects/server
lint_rules/__init__.py,15,"/opt/projects/server/scripts/lint_rules/__init__.py:15:SCRIPTS_DIR",absolute,/opt/projects/server
gen_architecture.py,25,"/opt/projects/server/scripts/gen_architecture.py:25:CLAUDE_YAML",absolute,/opt/projects/server
gen_architecture.py,26,"/opt/projects/server/scripts/gen_architecture.py:26:CODE_STRUCTURE_YAML",absolute,/opt/projects/server
gen_architecture.py,27,"/opt/projects/server/scripts/gen_architecture.py:27:SCRIPTS_DIR",absolute,/opt/projects/server
gen_architecture.py,29,"/opt/projects/server/scripts/gen_architecture.py:29:ARCH_INFRA_OUTPUT",absolute,/opt/projects/server
gen_architecture.py,30,"/opt/projects/server/scripts/gen_architecture.py:30:SOFTWARE_OUTPUT",absolute,/opt/projects/server
gen_architecture.py,31,"/opt/projects/server/scripts/gen_architecture.py:31:TIMER_REGISTRY_OUTPUT",absolute,/opt/projects/server
gen_architecture.py,101,"/opt/projects/server/scripts/gen_architecture.py:101:",absolute,/opt/projects/server
gen_architecture.py,137,"/opt/projects/server/scripts/gen_architecture.py:137:",absolute,/opt/projects/server
mcp_server.py,832,"/opt/projects/server/scripts/mcp_server.py:832:",absolute,/opt/projects/server
mcp_server.py,836,"/opt/projects/server/scripts/mcp_server.py:836:",absolute,/opt/projects/server
lib/enrich/utils.py,62,"/opt/projects/server/scripts/lib/enrich/utils.py:62:def",absolute,/opt/projects/server
lib/enrich/utils.py,76,"/opt/projects/server/scripts/lib/enrich/utils.py:76:",absolute,/opt/projects/server
lib/model_ctl.sh,8,"/opt/projects/server/scripts/lib/model_ctl.sh:8:#",absolute,/opt/projects/server
lib/model_ctl.sh,22,"/opt/projects/server/scripts/lib/model_ctl.sh:22:MODEL_CTL_SCRIPT_DIR=",absolute,/opt/projects/server
lib/tracking/dependency_tracker.py,19,"/opt/projects/server/scripts/lib/tracking/dependency_tracker.py:19:REF_ROOT",absolute,/opt/projects/server
lib/tracking/phase_tracker.py,35,"/opt/projects/server/scripts/lib/tracking/phase_tracker.py:35:REF_ROOT",absolute,/opt/projects/server
lib/tracking/phase_tracker.py,51,"/opt/projects/server/scripts/lib/tracking/phase_tracker.py:51:",absolute,/opt/projects/server
lib/tracking/phase_tracker.py,52,"/opt/projects/server/scripts/lib/tracking/phase_tracker.py:52:",absolute,/opt/projects/server
lib/tracking/phase_tracker.py,61,"/opt/projects/server/scripts/lib/tracking/phase_tracker.py:61:",absolute,/opt/projects/server
lib/tracking/phase_tracker.py,64,"/opt/projects/server/scripts/lib/tracking/phase_tracker.py:64:",absolute,/opt/projects/server
lib/tracking/phase_tracker.py,67,"/opt/projects/server/scripts/lib/tracking/phase_tracker.py:67:",absolute,/opt/projects/server
lib/tracking/phase_tracker.py,76,"/opt/projects/server/scripts/lib/tracking/phase_tracker.py:76:",absolute,/opt/projects/server
lib/tracking/phase_tracker.py,79,"/opt/projects/server/scripts/lib/tracking/phase_tracker.py:79:",absolute,/opt/projects/server
lib/tracking/phase_tracker.py,82,"/opt/projects/server/scripts/lib/tracking/phase_tracker.py:82:",absolute,/opt/projects/server
lib/tracking/phase_tracker.py,83,"/opt/projects/server/scripts/lib/tracking/phase_tracker.py:83:",absolute,/opt/projects/server
lib/tracking/phase_tracker.py,116,"/opt/projects/server/scripts/lib/tracking/phase_tracker.py:116:",absolute,/opt/projects/server
lib/state/changelog.py,6,"/opt/projects/server/scripts/lib/state/changelog.py:6:Extracted",absolute,/opt/projects/server
lib/state/changelog.py,15,"/opt/projects/server/scripts/lib/state/changelog.py:15:SERVER_DIR",absolute,/opt/projects/server
lib/code_mod/shared.py,13,"/opt/projects/server/scripts/lib/code_mod/shared.py:13:SERVER_DIR",absolute,/opt/projects/server
lib/action_queue.py,248,"/opt/projects/server/scripts/lib/action_queue.py:248:",absolute,/opt/projects/server
lib/worklog.py,15,"/opt/projects/server/scripts/lib/worklog.py:15:SERVER",absolute,/opt/projects/server
lib/model_ctl.py,32,"/opt/projects/server/scripts/lib/model_ctl.py:32:SCRIPT_DIR",absolute,/opt/projects/server
lib/debate/debate_llm.py,146,"/opt/projects/server/scripts/lib/debate/debate_llm.py:146:",absolute,/opt/projects/server
lib/watchdog/config.py,189,"/opt/projects/server/scripts/lib/watchdog/config.py:189:SANDBOX_VERIFY_ALLOWED_ROOT",absolute,/opt/projects/server
lib/watchdog/fixloop.py,30,"/opt/projects/server/scripts/lib/watchdog/fixloop.py:30:FIX_SCRIPT_DIR",absolute,/opt/projects/server
lib/watchdog/recovery.py,248,"/opt/projects/server/scripts/lib/watchdog/recovery.py:248:",absolute,/opt/projects/server
lib/watchdog/codescanner.py,163,"/opt/projects/server/scripts/lib/watchdog/codescanner.py:163:",absolute,/opt/projects/server
lib/watchdog/codescanner.py,312,"/opt/projects/server/scripts/lib/watchdog/codescanner.py:312:def",absolute,/opt/projects/server
lib/watchdog/orchestrator.py,517,"/opt/projects/server/scripts/lib/watchdog/orchestrator.py:517:",absolute,/opt/projects/server
lib/watchdog/orchestrator.py,866,"/opt/projects/server/scripts/lib/watchdog/orchestrator.py:866:",absolute,/opt/projects/server
lib/handover_db.py,15,"/opt/projects/server/scripts/lib/handover_db.py:15:SERVER_DIR",absolute,/opt/projects/server
turn_watcher.py,30,"/opt/projects/server/scripts/turn_watcher.py:30:CHECKPOINT_FILE",absolute,/opt/projects/server
weekly_enrich_rebuild.sh,14,"/opt/projects/server/scripts/weekly_enrich_rebuild.sh:14:SCRIPT_DIR=",absolute,/opt/projects/server
gemini_mcp.py,13,"/opt/projects/server/scripts/gemini_mcp.py:13:",absolute,/opt/projects/server
tests/test_3t_full_pipeline.py,5,"/opt/projects/server/scripts/tests/test_3t_full_pipeline.py:5:SCRIPTS_DIR",absolute,/opt/projects/server
tests/test_pipeline_e2e.py,22,"/opt/projects/server/scripts/tests/test_pipeline_e2e.py:22:SCRIPTS_DIR",absolute,/opt/projects/server
tests/test_7b_vs_9b_text_extract.py,18,"/opt/projects/server/scripts/tests/test_7b_vs_9b_text_extract.py:18:sys.path.insert(0,",absolute,/opt/projects/server
tests/test_action_queue.py,90,"/opt/projects/server/scripts/tests/test_action_queue.py:90:",absolute,/opt/projects/server
tests/test_phase3_rerun.py,6,"/opt/projects/server/scripts/tests/test_phase3_rerun.py:6:sys.path.insert(0,",absolute,/opt/projects/server
tests/test_fact5_comparison.py,21,"/opt/projects/server/scripts/tests/test_fact5_comparison.py:21:SCRIPTS_DIR",absolute,/opt/projects/server
tests/test_9b_review.py,8,"/opt/projects/server/scripts/tests/test_9b_review.py:8:sys.path.insert(0,",absolute,/opt/projects/server
tests/test_review_9b.py,8,"/opt/projects/server/scripts/tests/test_review_9b.py:8:sys.path.insert(0,",absolute,/opt/projects/server
tests/test_dual_extract_7b_vs_9b.py,11,"/opt/projects/server/scripts/tests/test_dual_extract_7b_vs_9b.py:11:sys.path.insert(0,",absolute,/opt/projects/server
tests/test_4b_dual_review_7b_vs_9b.py,15,"/opt/projects/server/scripts/tests/test_4b_dual_review_7b_vs_9b.py:15:sys.path.insert(0,",absolute,/opt/projects/server
tests/compare_e2e_baseline.py,5,"/opt/projects/server/scripts/tests/compare_e2e_baseline.py:5:BASE",absolute,/opt/projects/server
tests/compare_e2e_baseline.py,6,"/opt/projects/server/scripts/tests/compare_e2e_baseline.py:6:CURR",absolute,/opt/projects/server
tests/compare_e2e_baseline.py,107,"/opt/projects/server/scripts/tests/compare_e2e_baseline.py:107:out",absolute,/opt/projects/server
tests/test_chunk_verify.py,114,"/opt/projects/server/scripts/tests/test_chunk_verify.py:114:",absolute,/opt/projects/server
tests/compare_extract_approaches.py,9,"/opt/projects/server/scripts/tests/compare_extract_approaches.py:9:SCRIPTS_DIR",absolute,/opt/projects/server
tests/compare_extract_long_B.py,5,"/opt/projects/server/scripts/tests/compare_extract_long_B.py:5:SCRIPTS_DIR",absolute,/opt/projects/server
tests/compare_extract_missing.py,5,"/opt/projects/server/scripts/tests/compare_extract_missing.py:5:SCRIPTS_DIR",absolute,/opt/projects/server
tests/day_model_test.py,13,"/opt/projects/server/scripts/tests/day_model_test.py:13:SCRIPTS_DIR",absolute,/opt/projects/server
tests/day_model_test_direct.py,12,"/opt/projects/server/scripts/tests/day_model_test_direct.py:12:SCRIPTS_DIR",absolute,/opt/projects/server
tests/day_verify_compare.py,10,"/opt/projects/server/scripts/tests/day_verify_compare.py:10:SCRIPTS_DIR",absolute,/opt/projects/server
tests/day_verify_retry.py,7,"/opt/projects/server/scripts/tests/day_verify_retry.py:7:SCRIPTS_DIR",absolute,/opt/projects/server
tests/e2e_20turns_full.sh,5,"/opt/projects/server/scripts/tests/e2e_20turns_full.sh:5:cd",absolute,/opt/projects/server
tests/e2e_extract_section_split.py,9,"/opt/projects/server/scripts/tests/e2e_extract_section_split.py:9:SCRIPTS_DIR",absolute,/opt/projects/server
tests/e2e_extract_section_split.sh,6,"/opt/projects/server/scripts/tests/e2e_extract_section_split.sh:6:cd",absolute,/opt/projects/server
tests/embed_runner.sh,5,"/opt/projects/server/scripts/tests/embed_runner.sh:5:EMBED_PY=",absolute,/opt/projects/server
tests/embed_runner.sh,7,"/opt/projects/server/scripts/tests/embed_runner.sh:7:cd",absolute,/opt/projects/server
tests/embed_runner.sh,10,"/opt/projects/server/scripts/tests/embed_runner.sh:10:cd",absolute,/opt/projects/server
tests/embed_runner.sh,12,"/opt/projects/server/scripts/tests/embed_runner.sh:12:cd",absolute,/opt/projects/server
tests/embed_runner.sh,14,"/opt/projects/server/scripts/tests/embed_runner.sh:14:trap",absolute,/opt/projects/server
tests/embed_runner.sh,35,"/opt/projects/server/scripts/tests/embed_runner.sh:35:",absolute,/opt/projects/server
tests/embed_runner.sh,67,"/opt/projects/server/scripts/tests/embed_runner.sh:67:",absolute,/opt/projects/server
tests/embed_runner.sh,70,"/opt/projects/server/scripts/tests/embed_runner.sh:70:",absolute,/opt/projects/server
tests/experiment_monitor.py,14,"/opt/projects/server/scripts/tests/experiment_monitor.py:14:SERVER_DIR",absolute,/opt/projects/server
tests/experiment_monitor.py,110,"/opt/projects/server/scripts/tests/experiment_monitor.py:110:",absolute,/opt/projects/server
tests/finalize_pipeline.py,6,"/opt/projects/server/scripts/tests/finalize_pipeline.py:6:sys.path.insert(0,",absolute,/opt/projects/server
tests/finalize_pipeline.py,12,"/opt/projects/server/scripts/tests/finalize_pipeline.py:12:EXPER_DIR",absolute,/opt/projects/server
tests/model_comparison_test.py,20,"/opt/projects/server/scripts/tests/model_comparison_test.py:20:SCRIPTS_DIR",absolute,/opt/projects/server
tests/pipeline_e2e_10turns.py,5,"/opt/projects/server/scripts/tests/pipeline_e2e_10turns.py:5:SCRIPTS_DIR",absolute,/opt/projects/server
tests/pipeline_preverify_test.py,31,"/opt/projects/server/scripts/tests/pipeline_preverify_test.py:31:EVAL_DIR",absolute,/opt/projects/server
tests/prj_ground_truth_test.py,11,"/opt/projects/server/scripts/tests/prj_ground_truth_test.py:11:SCRIPTS_DIR",absolute,/opt/projects/server
tests/prj_model_test.py,8,"/opt/projects/server/scripts/tests/prj_model_test.py:8:SCRIPTS_DIR",absolute,/opt/projects/server
tests/run_extract_13.py,4,"/opt/projects/server/scripts/tests/run_extract_13.py:4:SCRIPTS_DIR",absolute,/opt/projects/server
tests/test_extract_strategies.py,8,"/opt/projects/server/scripts/tests/test_extract_strategies.py:8:SCRIPTS_DIR",absolute,/opt/projects/server
tests/test_night_prj_eval.py,18,"/opt/projects/server/scripts/tests/test_night_prj_eval.py:18:SCRIPTS_DIR",absolute,/opt/projects/server
tests/test_r_role_dsv2.sh,5,"/opt/projects/server/scripts/tests/test_r_role_dsv2.sh:5:P_EXP=",absolute,/opt/projects/server
tests/test_r_role_dsv2.sh,6,"/opt/projects/server/scripts/tests/test_r_role_dsv2.sh:6:R_EXP_Q14=",absolute,/opt/projects/server
tests/test_r_role_dsv2.sh,7,"/opt/projects/server/scripts/tests/test_r_role_dsv2.sh:7:EXPER_DIR=",absolute,/opt/projects/server
tests/test_r_role_dsv2.sh,87,"/opt/projects/server/scripts/tests/test_r_role_dsv2.sh:87:sys.path.insert(0,",absolute,/opt/projects/server
tests/test_dual_4b.py,13,"/opt/projects/server/scripts/tests/test_dual_4b.py:13:sys.path.insert(0,",absolute,/opt/projects/server
tests/test_v5_arbiter_fallback.py,24,"/opt/projects/server/scripts/tests/test_v5_arbiter_fallback.py:24:SCRIPTS_DIR",absolute,/opt/projects/server
tests/test_v6_quality_filters.py,20,"/opt/projects/server/scripts/tests/test_v6_quality_filters.py:20:SCRIPTS_DIR",absolute,/opt/projects/server
tests/test_arbiter_v6_7b9b.py,20,"/opt/projects/server/scripts/tests/test_arbiter_v6_7b9b.py:20:SCRIPTS_DIR",absolute,/opt/projects/server
tests/test_arbiter_dual_7b9b.py,20,"/opt/projects/server/scripts/tests/test_arbiter_dual_7b9b.py:20:SCRIPTS_DIR",absolute,/opt/projects/server
tests/test_review_7b.py,8,"/opt/projects/server/scripts/tests/test_review_7b.py:8:sys.path.insert(0,",absolute,/opt/projects/server
tests/test_taxonomy_trap_fix.py,28,"/opt/projects/server/scripts/tests/test_taxonomy_trap_fix.py:28:sys.path.insert(0,",absolute,/opt/projects/server
notion_memo.py,18,"/opt/projects/server/scripts/notion_memo.py:18:sys.path.insert(0,",absolute,/opt/projects/server
gemini_session_start.sh,7,"/opt/projects/server/scripts/gemini_session_start.sh:7:#",absolute,/opt/projects/server
gemini_session_start.sh,8,"/opt/projects/server/scripts/gemini_session_start.sh:8:#",absolute,/opt/projects/server
gemini_session_start.sh,23,"/opt/projects/server/scripts/gemini_session_start.sh:23:sys.path.insert(0,",absolute,/opt/projects/server
observer.py,192,"/opt/projects/server/scripts/observer.py:192:",absolute,/opt/projects/server
observer.py,283,"/opt/projects/server/scripts/observer.py:283:",absolute,/opt/projects/server
sync_gemini_rules.py,10,"/opt/projects/server/scripts/sync_gemini_rules.py:10:",absolute,/opt/projects/server
pdf_reader_mcp.py,13,"/opt/projects/server/scripts/pdf_reader_mcp.py:13:",absolute,/opt/projects/server
pdf_reader_mcp.py,48,"/opt/projects/server/scripts/pdf_reader_mcp.py:48:",absolute,/opt/projects/server
state_collector/main.py,30,"/opt/projects/server/scripts/state_collector/main.py:30:SERVER_DIR",absolute,/opt/projects/server
state_collector/main.py,34,"/opt/projects/server/scripts/state_collector/main.py:34:MOTD_FILE",absolute,/opt/projects/server
auto_mode.sh,13,"/opt/projects/server/scripts/auto_mode.sh:13:TASK_FILE=",absolute,/opt/projects/server
auto_mode.sh,14,"/opt/projects/server/scripts/auto_mode.sh:14:LOG_DIR=",absolute,/opt/projects/server
auto_mode.sh,17,"/opt/projects/server/scripts/auto_mode.sh:17:STATUS_FILE=",absolute,/opt/projects/server
migrate_yaml_to_db.py,15,"/opt/projects/server/scripts/migrate_yaml_to_db.py:15:HANDOVER",absolute,/opt/projects/server
migrate_yaml_to_db.py,246,"/opt/projects/server/scripts/migrate_yaml_to_db.py:246:",absolute,/opt/projects/server
sqlite_mcp.py,14,"/opt/projects/server/scripts/sqlite_mcp.py:14:",absolute,/opt/projects/server
golden_image/yearly_check.py,8,"/opt/projects/server/scripts/golden_image/yearly_check.py:8:sys.path.insert(0,",absolute,/opt/projects/server
golden_image/yearly_check.py,96,"/opt/projects/server/scripts/golden_image/yearly_check.py:96:",absolute,/opt/projects/server
run_baseline_monitor.sh,6,"/opt/projects/server/scripts/run_baseline_monitor.sh:6:BASE=",absolute,/opt/projects/server
system_sync.sh,8,"/opt/projects/server/scripts/system_sync.sh:8:SCRIPT_DIR=",absolute,/opt/projects/server
system_sync.sh,32,"/opt/projects/server/scripts/system_sync.sh:32:cd",absolute,/opt/projects/server
run_verify_compare.sh,30,"/opt/projects/server/scripts/run_verify_compare.sh:30:cd",absolute,/opt/projects/server
run_verify_compare.sh,75,"/opt/projects/server/scripts/run_verify_compare.sh:75:sys.path.insert(0,",absolute,/opt/projects/server
run_verify_compare.sh,83,"/opt/projects/server/scripts/run_verify_compare.sh:83:cd",absolute,/opt/projects/server
update_handover.py,26,"/opt/projects/server/scripts/update_handover.py:26:SERVER_DIR",absolute,/opt/projects/server
update_handover.py,30,"/opt/projects/server/scripts/update_handover.py:30:",absolute,/opt/projects/server
hooks/session_context.py,13,"/opt/projects/server/scripts/hooks/session_context.py:13:COLLECT_STATUS",absolute,/opt/projects/server
hooks/session_context.py,14,"/opt/projects/server/scripts/hooks/session_context.py:14:REPORT_FILE",absolute,/opt/projects/server
hooks/session_context.py,15,"/opt/projects/server/scripts/hooks/session_context.py:15:LINK_REVIEW",absolute,/opt/projects/server
hooks/session_context.py,16,"/opt/projects/server/scripts/hooks/session_context.py:16:SERVER_DIR",absolute,/opt/projects/server
hooks/session_context.py,171,"/opt/projects/server/scripts/hooks/session_context.py:171:",absolute,/opt/projects/server
hooks/auto_log.py,72,"/opt/projects/server/scripts/hooks/auto_log.py:72:",absolute,/opt/projects/server
hooks/auto_log.py,73,"/opt/projects/server/scripts/hooks/auto_log.py:73:",absolute,/opt/projects/server
hooks/auto_log.py,74,"/opt/projects/server/scripts/hooks/auto_log.py:74:",absolute,/opt/projects/server
hooks/auto_log.py,75,"/opt/projects/server/scripts/hooks/auto_log.py:75:",absolute,/opt/projects/server
hooks/auto_log.py,76,"/opt/projects/server/scripts/hooks/auto_log.py:76:",absolute,/opt/projects/server
hooks/ruff_lint.py,17,"/opt/projects/server/scripts/hooks/ruff_lint.py:17:",absolute,/opt/projects/server
gemini_core/tools_def.py,59,"/opt/projects/server/scripts/gemini_core/tools_def.py:59:",absolute,/opt/projects/server
gemini_core/tools_def.py,63,"/opt/projects/server/scripts/gemini_core/tools_def.py:63:",absolute,/opt/projects/server
gemini_core/tools_def.py,72,"/opt/projects/server/scripts/gemini_core/tools_def.py:72:",absolute,/opt/projects/server
gemini_core/tools_def.py,85,"/opt/projects/server/scripts/gemini_core/tools_def.py:85:",absolute,/opt/projects/server
gemini_core/execute.py,16,"/opt/projects/server/scripts/gemini_core/execute.py:16:",absolute,/opt/projects/server
gemini_core/execute.py,18,"/opt/projects/server/scripts/gemini_core/execute.py:18:SAFE_DIR",absolute,/opt/projects/server
gemini_core/execute.py,59,"/opt/projects/server/scripts/gemini_core/execute.py:59:",absolute,/opt/projects/server
gemini_core/execute.py,77,"/opt/projects/server/scripts/gemini_core/execute.py:77:",absolute,/opt/projects/server
osync_backup.py,47,"/opt/projects/server/scripts/osync_backup.py:47:",absolute,/opt/projects/server
osync_backup.py,48,"/opt/projects/server/scripts/osync_backup.py:48:",absolute,/opt/projects/server
notice/lib/bot_processor.py,43,"/opt/projects/server/scripts/notice/lib/bot_processor.py:43:PROJECT_DIR",absolute,/opt/projects/server
auto_commit_guard.py,12,"/opt/projects/server/scripts/auto_commit_guard.py:12:SERVER",absolute,/opt/projects/server
pg_mcp.py,18,"/opt/projects/server/scripts/pg_mcp.py:18:",absolute,/opt/projects/server
open-newhand.sh,6,"/opt/projects/server/scripts/open-newhand.sh:6:HANDOVER=",absolute,/opt/projects/server
open-newhand.sh,7,"/opt/projects/server/scripts/open-newhand.sh:7:PROJECT_DIR=",absolute,/opt/projects/server
claude_code_runner.sh,49,"/opt/projects/server/scripts/claude_code_runner.sh:49:WRAPPER=",absolute,/opt/projects/server
cli.py,774,"/opt/projects/server/scripts/cli.py:774:AUTO_TASKS_FILE",absolute,/opt/projects/server
cli.py,1189,"/opt/projects/server/scripts/cli.py:1189:",absolute,/opt/projects/server
day_cycle.sh,21,"/opt/projects/server/scripts/day_cycle.sh:21:MODEL_CTL=",absolute,/opt/projects/server
day_cycle.sh,111,"/opt/projects/server/scripts/day_cycle.sh:111:SCRIPT_DIR=",absolute,/opt/projects/server
day_cycle.sh,122,"/opt/projects/server/scripts/day_cycle.sh:122:import",absolute,/opt/projects/server
gen_architecture.py,96,"/opt/workspace",absolute,/opt/workspace
gen_architecture.py,101,"/opt/workspace`",absolute,/opt/workspace
